﻿pos_x,pos_y,rotation,side,designator,mpn,pack,value,mount_type,place
162.56,-64.516,-90.0,top,D1,,LED_0805_2012Metric_Pad1.15x1.40mm_HandSolder,.1,smt,True
177.8,-70.358,-90.0,top,D10,,LED_0805_2012Metric_Pad1.15x1.40mm_HandSolder,8A,smt,True
180.331,-61.214,0.0,top,D11,,LED_0805_2012Metric_Pad1.15x1.40mm_HandSolder,8C,smt,True
180.331,-67.31,0.0,top,D12,,LED_0805_2012Metric_Pad1.15x1.40mm_HandSolder,8B,smt,True
180.375,-73.6,0.0,top,D13,,LED_0805_2012Metric_Pad1.15x1.40mm_HandSolder,8A,smt,True
182.88,-64.253,-90.0,top,D14,,LED_0805_2012Metric_Pad1.15x1.40mm_HandSolder,8C,smt,True
182.88,-70.349,-90.0,top,D15,,LED_0805_2012Metric_Pad1.15x1.40mm_HandSolder,8B,smt,True
187.96,-73.66,0.0,top,D16,,LED_0805_2012Metric_Pad1.15x1.40mm_HandSolder,.1,smt,True
193.04,-64.507,-90.0,top,D17,,LED_0805_2012Metric_Pad1.15x1.40mm_HandSolder,.1,smt,True
193.04,-70.603,-90.0,top,D18,,LED_0805_2012Metric_Pad1.15x1.40mm_HandSolder,8A,smt,True
195.571,-61.468,0.0,top,D19,,LED_0805_2012Metric_Pad1.15x1.40mm_HandSolder,8C,smt,True
165.1,-61.468,0.0,top,D2,,LED_0805_2012Metric_Pad1.15x1.40mm_HandSolder,8C,smt,True
195.58,-67.564,0.0,top,D20,,LED_0805_2012Metric_Pad1.15x1.40mm_HandSolder,8B,smt,True
195.58,-73.66,0.0,top,D21,,LED_0805_2012Metric_Pad1.15x1.40mm_HandSolder,8A,smt,True
198.12,-64.507,-90.0,top,D22,,LED_0805_2012Metric_Pad1.15x1.40mm_HandSolder,8C,smt,True
198.12,-70.603,-90.0,top,D23,,LED_0805_2012Metric_Pad1.15x1.40mm_HandSolder,8B,smt,True
203.2,-73.66,0.0,top,D24,,LED_0805_2012Metric_Pad1.15x1.40mm_HandSolder,.1,smt,True
208.28,-64.507,-90.0,top,D25,,LED_0805_2012Metric_Pad1.15x1.40mm_HandSolder,.1,smt,True
208.28,-70.603,-90.0,top,D26,,LED_0805_2012Metric_Pad1.15x1.40mm_HandSolder,8A,smt,True
210.811,-61.468,0.0,top,D27,,LED_0805_2012Metric_Pad1.15x1.40mm_HandSolder,8C,smt,True
210.811,-67.564,0.0,top,D28,,LED_0805_2012Metric_Pad1.15x1.40mm_HandSolder,8B,smt,True
210.811,-73.642,0.0,top,D29,,LED_0805_2012Metric_Pad1.15x1.40mm_HandSolder,8A,smt,True
167.64,-64.516,-90.0,top,D3,,LED_0805_2012Metric_Pad1.15x1.40mm_HandSolder,8C,smt,True
213.36,-64.507,-90.0,top,D30,,LED_0805_2012Metric_Pad1.15x1.40mm_HandSolder,8C,smt,True
213.36,-70.603,-90.0,top,D31,,LED_0805_2012Metric_Pad1.15x1.40mm_HandSolder,8B,smt,True
210.811,-55.88,0.0,top,D32,,LED_0805_2012Metric_Pad1.15x1.40mm_HandSolder,CONT,smt,True
203.209,-55.88,0.0,top,D33,,LED_0805_2012Metric_Pad1.15x1.40mm_HandSolder,REL,smt,True
199.399,-55.88,0.0,top,D34,,LED_0805_2012Metric_Pad1.15x1.40mm_HandSolder,Tone,smt,True
195.589,-55.88,0.0,top,D35,,LED_0805_2012Metric_Pad1.15x1.40mm_HandSolder,Bar,smt,True
180.34,-55.626,0.0,top,D36,,LED_0805_2012Metric_Pad1.15x1.40mm_HandSolder,dB,smt,True
168.91,-55.88,0.0,top,D38,,LED_0805_2012Metric_Pad1.15x1.40mm_HandSolder,Hz,smt,True
165.1,-55.88,0.0,top,D39,,LED_0805_2012Metric_Pad1.15x1.40mm_HandSolder,kHz,smt,True
165.1,-67.564,0.0,top,D4,,LED_0805_2012Metric_Pad1.15x1.40mm_HandSolder,8B,smt,True
155.4,-54.575,-90.0,top,D40,,LED_0805_2012Metric_Pad1.15x1.40mm_HandSolder,LO BAT,smt,True
155.4,-63.075,90.0,top,D41,,LED_0805_2012Metric_Pad1.15x1.40mm_HandSolder,Half,smt,True
159.375,-58.6,0.0,top,D42,,LED_0805_2012Metric_Pad1.15x1.40mm_HandSolder,NEG,smt,True
155.4,-69.325,90.0,top,D43,,LED_0805_2012Metric_Pad1.15x1.40mm_HandSolder,Half,smt,True
157.48,-73.66,0.0,top,D44,,LED_0805_2012Metric_Pad1.15x1.40mm_HandSolder,.1,smt,True
162.56,-70.612,-90.0,top,D5,,LED_0805_2012Metric_Pad1.15x1.40mm_HandSolder,8A,smt,True
167.64,-70.612,-90.0,top,D6,,LED_0805_2012Metric_Pad1.15x1.40mm_HandSolder,8B,smt,True
165.1,-73.66,0.0,top,D7,,LED_0805_2012Metric_Pad1.15x1.40mm_HandSolder,8A,smt,True
172.72,-73.66,0.0,top,D8,,LED_0805_2012Metric_Pad1.15x1.40mm_HandSolder,.1,smt,True
177.8,-64.253,-90.0,top,D9,,LED_0805_2012Metric_Pad1.15x1.40mm_HandSolder,.1,smt,True
189.65,-83.1,90.0,top,R1,,R_0805_2012Metric_Pad1.20x1.40mm_HandSolder,R,smt,True
166.05,-83.1,90.0,top,R10,,R_0805_2012Metric_Pad1.20x1.40mm_HandSolder,R,smt,True
169.0,-83.1,90.0,top,R12,,R_0805_2012Metric_Pad1.20x1.40mm_HandSolder,R,smt,True
171.95,-83.1,90.0,top,R14,,R_0805_2012Metric_Pad1.20x1.40mm_HandSolder,R,smt,True
174.9,-83.1,90.0,top,R16,,R_0805_2012Metric_Pad1.20x1.40mm_HandSolder,R,smt,True
177.85,-83.1,90.0,top,R18,,R_0805_2012Metric_Pad1.20x1.40mm_HandSolder,R,smt,True
163.1,-83.1,90.0,top,R2,,R_0805_2012Metric_Pad1.20x1.40mm_HandSolder,R,smt,True
180.8,-83.1,90.0,top,R20,,R_0805_2012Metric_Pad1.20x1.40mm_HandSolder,R,smt,True
183.75,-83.1,90.0,top,R22,,R_0805_2012Metric_Pad1.20x1.40mm_HandSolder,R,smt,True
186.7,-83.1,90.0,top,R24,,R_0805_2012Metric_Pad1.20x1.40mm_HandSolder,R,smt,True
192.65,-83.1,90.0,top,R28,,R_0805_2012Metric_Pad1.20x1.40mm_HandSolder,R,smt,True
195.65,-83.1,90.0,top,R30,,R_0805_2012Metric_Pad1.20x1.40mm_HandSolder,R,smt,True
198.6,-83.1,90.0,top,R32,,R_0805_2012Metric_Pad1.20x1.40mm_HandSolder,R,smt,True
201.55,-83.1,90.0,top,R34,,R_0805_2012Metric_Pad1.20x1.40mm_HandSolder,R,smt,True
204.5,-83.1,90.0,top,R36,,R_0805_2012Metric_Pad1.20x1.40mm_HandSolder,R,smt,True
207.45,-83.1,90.0,top,R38,,R_0805_2012Metric_Pad1.20x1.40mm_HandSolder,R,smt,True
154.35,-83.1,90.0,top,R4,,R_0805_2012Metric_Pad1.20x1.40mm_HandSolder,R,smt,True
210.4,-83.1,90.0,top,R40,,R_0805_2012Metric_Pad1.20x1.40mm_HandSolder,R,smt,True
213.35,-83.1,90.0,top,R42,,R_0805_2012Metric_Pad1.20x1.40mm_HandSolder,R,smt,True
157.3,-83.1,90.0,top,R6,,R_0805_2012Metric_Pad1.20x1.40mm_HandSolder,R,smt,True
160.25,-83.1,90.0,top,R8,,R_0805_2012Metric_Pad1.20x1.40mm_HandSolder,R,smt,True
