﻿designator,quantity,value,pack,mpn,mount_type
"D1, D16, D17, D24, D25, D44, D8, D9",8,.1,LED_0805_2012Metric_Pad1.15x1.40mm_HandSolder,,smt
"D10, D13, D18, D21, D26, D29, D5, D7",8,8A,LED_0805_2012Metric_Pad1.15x1.40mm_HandSolder,,smt
"D11, D14, D19, D2, D22, D27, D3, D30",8,8C,LED_0805_2012Metric_Pad1.15x1.40mm_HandSolder,,smt
"D12, D15, D20, D23, D28, D31, D4, D6",8,8B,LED_0805_2012Metric_Pad1.15x1.40mm_HandSolder,,smt
D32,1,CONT,LED_0805_2012Metric_Pad1.15x1.40mm_HandSolder,,smt
D33,1,REL,LED_0805_2012Metric_Pad1.15x1.40mm_HandSolder,,smt
D34,1,Tone,LED_0805_2012Metric_Pad1.15x1.40mm_HandSolder,,smt
D35,1,Bar,LED_0805_2012Metric_Pad1.15x1.40mm_HandSolder,,smt
D36,1,dB,LED_0805_2012Metric_Pad1.15x1.40mm_HandSolder,,smt
D38,1,Hz,LED_0805_2012Metric_Pad1.15x1.40mm_HandSolder,,smt
D39,1,kHz,LED_0805_2012Metric_Pad1.15x1.40mm_HandSolder,,smt
D40,1,LO BAT,LED_0805_2012Metric_Pad1.15x1.40mm_HandSolder,,smt
"D41, D43",2,Half,LED_0805_2012Metric_Pad1.15x1.40mm_HandSolder,,smt
D42,1,NEG,LED_0805_2012Metric_Pad1.15x1.40mm_HandSolder,,smt
"R1, R10, R12, R14, R16, R18, R2, R20, R22, R24, R28, R30, R32, R34, R36, R38, R4, R40, R42, R6, R8",21,R,R_0805_2012Metric_Pad1.20x1.40mm_HandSolder,,smt
